N,microF1,macroF1,accuracy,overall_time,cm,vectorizer_fitting,training_time,predicting_time
10,0.4867141931302657,0.46299107206049517,0.4867141931302657,123.93037986755371,"[[1914  307   12  963]
 [  67  660   22 2446]
 [   3   49 1932  883]
 [   0    0    0    0]]",50.090609312057495,73.49326181411743,0.012808561325073242
31,0.7188377619356232,0.5972005778540003,0.7188377619356232,218.24965977668762,"[[2171  860    0  165]
 [  20 1866    3 1306]
 [   0   15 2618  234]
 [   0    0    0    0]]",50.24305081367493,167.8847975730896,0.026622772216796875
100,0.7447612875351047,0.6033990125887516,0.7447612875351047,244.44692254066467,"[[2002 1097    0   97]
 [  10 2188    0  997]
 [   0   14 2705  148]
 [   0    0    0    0]]",50.10867381095886,194.18332695960999,0.04689788818359375
316,0.7293151868654137,0.571460188538975,0.7293151868654137,305.63142681121826,"[[1450 1681    1   64]
 [   4 2620    0  571]
 [   0   36 2682  149]
 [   0    0    0    0]]",51.22128343582153,254.10499572753906,0.12292742729187012
1000,0.6996111471160078,0.5308157600277184,0.6996111471160078,298.242716550827,"[[1024 2118    5   49]
 [   1 2857    3  334]
 [   1  121 2596  149]
 [   0    0    0    0]]",51.698190689086914,246.11759543418884,0.3162665367126465
